<?xml version="1.0" encoding="UTF-8"?>
<project-private xmlns="http://www.netbeans.org/ns/project-private/1">
    <editor-bookmarks xmlns="http://www.netbeans.org/ns/editor-bookmarks/2" lastBookmarkId="0"/>
    <open-files xmlns="http://www.netbeans.org/ns/projectui-open-files/2">
        <group>
            <file>file:/C:/Users/Home/Documents/Universidad/Nuevas%20Tecnologias%20de%20desarrollo/Proyecto/all_world_shirts/test/com/all_world_shirts/dao/ViewCollecionDaoTest.java</file>
            <file>file:/C:/Users/Home/Documents/Universidad/Nuevas%20Tecnologias%20de%20desarrollo/Proyecto/all_world_shirts/src/java/beans/Collections.java</file>
            <file>file:/C:/Users/Home/Documents/Universidad/Nuevas%20Tecnologias%20de%20desarrollo/Proyecto/all_world_shirts/src/java/beans/beanTest.java</file>
            <file>file:/C:/Users/Home/Documents/Universidad/Nuevas%20Tecnologias%20de%20desarrollo/Proyecto/all_world_shirts/src/java/com/all_world_shirts/controllers/CollectionJpaController.java</file>
            <file>file:/C:/Users/Home/Documents/Universidad/Nuevas%20Tecnologias%20de%20desarrollo/Proyecto/all_world_shirts/src/java/com/all_world_shirtts/entities/Collection.java</file>
            <file>file:/C:/Users/Home/Documents/Universidad/Nuevas%20Tecnologias%20de%20desarrollo/Proyecto/all_world_shirts/src/java/test.java</file>
            <file>file:/C:/Users/Home/Documents/Universidad/Nuevas%20Tecnologias%20de%20desarrollo/Proyecto/all_world_shirts/web/index.jsp</file>
        </group>
    </open-files>
</project-private>
